X,Y,FID_1,globalid,uniq_id,timestamp,editor,latitude,longitude,wardname,wardcode,lganame,lgacode,statename,statecode,updated_on,accessblty,func_stats,category,ownership,type,source,alt_name,prmry_name,icon_url
3.58806500009973,6.60034333277861,"1208",e5c413b0-5c35-4eb2-8eaa-21c90a4fafc2,"1206",2018/12/18 00:00:00.000,mokobia.chidinma,6.600343333000000,3.588065000000000,Oke-Eletu / Abule-Eko,LASIKU24,Ikorodu,"25012",Lagos,LA,2019/03/01 00:00:00.000,,Functional,Primary Health Center,Local Government Area,Primary,GRID,,Okeeletu Primary Health Center,./0.png
2.82346969996672,6.4317352996444,"1209",430ab4fb-b69d-49b3-92f8-eaff6dce0e4a,"1207",2018/12/18 00:00:00.000,mokobia.chidinma,6.431735300000000,2.823469700000000,Apa,LASBDY06,Badagry,"25006",Lagos,LA,2019/03/01 00:00:00.000,,Functional,Primary Health Center,Local Government Area,Primary,GRID,,Apa Primary Health Care Center,./0.png
3.29990666725894,6.5403433330784,"1213",8e31485f-5a87-4c78-a348-edd0ceacd844,"1211",2018/12/18 00:00:00.000,mokobia.chidinma,6.540343333000000,3.299906667000000,Ailegun,LASOIO03,Oshodi/Isolo,"25016",Lagos,LA,2019/03/01 00:00:00.000,,Functional,Primary Health Center,Local Government Area,Primary,GRID,,Iyana Ejigbo Primary Health Center,./0.png
2.96619666734239,6.4372600004487,"1218",730aa9b4-c272-4275-b2fd-17d291e64930,"1216",2018/12/18 00:00:00.000,mokobia.chidinma,6.437260000000000,2.966196667000000,Ajido,LASBDY04,Badagry,"25006",Lagos,LA,2019/03/01 00:00:00.000,,Functional,Primary Health Center,Local Government Area,Primary,GRID,,Ilado Primary Health Center,./0.png
3.38218666738084,6.45925500031808,"1233",7862df3b-1bb9-4acb-a333-628960848b6c,"1232",2018/12/18 00:00:00.000,mokobia.chidinma,6.459255000000000,3.382186667000000,Oke-Olowogbowo,LASLID15,Lagos Island,"25020",Lagos,LA,2019/03/01 00:00:00.000,,Functional,Primary Health Center,Local Government Area,Primary,GRID,,Oke Olowogbowo Pry Health Center,./0.png
3.502960000104,6.62410333310237,"1235",17bfae24-367f-4956-ae40-51f6d385f8d4,"1234",2018/12/18 00:00:00.000,mokobia.chidinma,6.624103333000000,3.502960000000000,Olori / Eyita,LASIKU26,Ikorodu,"25012",Lagos,LA,2019/03/01 00:00:00.000,,Functional,Primary Health Center,Local Government Area,Primary,GRID,,Ikorodu Hospital,./0.png
3.11500000034977,6.46666166740209,"1314",8dbe86ec-b54c-48f8-8851-803a098ebd0b,"1313",2018/12/18 00:00:00.000,mokobia.chidinma,6.466661667000000,3.115000000000000,Ilogbo- Elegba,LASOJO07,Ojo,"25015",Lagos,LA,2019/03/01 00:00:00.000,,Functional,Primary Health Center,National Primary Healthcare Development Agency,Primary,GRID,,Imude Primary Health Care Center,./0.png
3.39143833321253,6.50682499967405,"1328",f8e32462-dd06-40d8-8cd2-7c6572485485,"1327",2018/12/18 00:00:00.000,mokobia.chidinma,6.506825000000000,3.391438333000000,Salami /  Baiyewunmi,LASLMD18,Lagos Mainland,"25019",Lagos,LA,2019/03/01 00:00:00.000,,Functional,Primary Health Center,State Primary Healthcare Development Agency,Primary,GRID,,Iwaya Primary Health Center,./0.png
3.63253707782394,6.47245313410491,"1329",123f7688-5677-4ebb-953b-eddc5d9490d1,"1328",2018/12/18 00:00:00.000,mokobia.chidinma,6.472453134060000,3.632537077730000,Sangotedo,LASEOA18,Eti Osa,"25008",Lagos,LA,2019/03/01 00:00:00.000,,Functional,Primary Health Center,State Primary Healthcare Development Agency,Primary,GRID,,Sangotedo Primary Health Center,./0.png
3.3641283328563,6.60096666727793,"1369",3167880d-17be-4b24-ba45-d5a61abe160a,"1368",2018/12/18 00:00:00.000,mokobia.chidinma,6.600966667000000,3.364128333000000,Oregun,LASIKA15,Ikeja,"25011",Lagos,LA,2019/03/01 00:00:00.000,,Functional,Primary Health Center,State Primary Healthcare Development Agency,Primary,GRID,,Oregun Primary Health Care Center,./0.png
3.20349333285105,6.4588783327689,"1374",67ee587e-1fd2-4af7-b9f7-43afd9f68e16,"1373",2018/12/18 00:00:00.000,mokobia.chidinma,6.458878333000000,3.203493333000000,Ojo Town,LASOJO11,Ojo,"25015",Lagos,LA,2019/03/01 00:00:00.000,,Functional,Primary Health Center,State Primary Healthcare Development Agency,Primary,GRID,,Ojo Primary Health Center,./0.png
3.39456666721799,6.57388833318009,"1375",fea0a1b2-a6d5-4578-8173-5ff3bf6a17ff,"1374",2018/12/18 00:00:00.000,mokobia.chidinma,6.573888333000000,3.394566667000000,Ogudu,LASKSE15,Kosofe,"25013",Lagos,LA,2019/03/01 00:00:00.000,,Functional,Primary Health Center,State Primary Healthcare Development Agency,Primary,GRID,,Ogudu Primary Health Care Center,./0.png
3.4861366667738,6.43448166729513,"1459",2b085ce5-b364-4bd3-8e20-09f64f92bc28,"1458",2018/12/18 00:00:00.000,mokobia.chidinma,6.434481667000000,3.486136667000000,Ikate / Lekki,LASEOA10,Eti Osa,"25008",Lagos,LA,2019/03/01 00:00:00.000,,Functional,Primary Health Center,State Primary Healthcare Development Agency,Primary,GRID,,Ikate Primary Health Care,./0.png
3.19856000014391,6.50704333258381,"1460",fe9e394d-5451-465c-8925-1ba25007913f,"1459",2018/12/18 00:00:00.000,mokobia.chidinma,6.507043333000000,3.198560000000000,Iba,LASOJO04,Ojo,"25015",Lagos,LA,2019/03/01 00:00:00.000,,Functional,Primary Health Center,State Primary Healthcare Development Agency,Primary,GRID,,Iba Lcda Primary Health Center,./0.png
3.28267500035105,6.59473333307693,"1466",c85da88b-e2ad-4e8f-ae63-8c08c12a25c4,"1465",2018/12/18 00:00:00.000,mokobia.chidinma,6.594733333000000,3.282675000000000,Okunola,LASAMO33,Alimosho,"25003",Lagos,LA,2019/03/01 00:00:00.000,,Functional,Primary Health Center,State Primary Healthcare Development Agency,Primary,GRID,,Rauf Aregbesola Flagship Pry Healthcare Center,./0.png
3.2541933326562,6.60445166701089,"1468",5c78c2bb-db9a-465f-9800-794340bc6b9b,"1467",2018/12/18 00:00:00.000,mokobia.chidinma,6.604451667000000,3.254193333000000,Ipaja,LASAMO26,Alimosho,"25003",Lagos,LA,2019/03/01 00:00:00.000,,Functional,Primary Health Center,State Primary Healthcare Development Agency,Primary,GRID,,Ipaja Primary Health Center,./0.png
3.54291833281485,6.5466149999823,"1471",48b6a6fe-b7f0-4c9c-8645-524c6abb32d2,"1470",2018/12/18 00:00:00.000,mokobia.chidinma,6.546615000000000,3.542918333000000,Itumokun,LASIKU19,Ikorodu,"25012",Lagos,LA,2019/03/01 00:00:00.000,,Functional,Primary Health Center,State Primary Healthcare Development Agency,Primary,GRID,,Igbogbo Bayeku Primary Health Center,./0.png
3.30986499967003,6.63358666699116,"1477",d4442c54-6022-4aa7-bf12-219702971640,"1476",2018/12/18 00:00:00.000,mokobia.chidinma,6.633586667000000,3.309865000000000,Orile,LASAGG08,Agege,"25001",Lagos,LA,2019/03/01 00:00:00.000,,Functional,Primary Health Center,State Primary Healthcare Development Agency,Primary,GRID,,Powerline Primary Health Center,./0.png
3.71211833299475,6.64014499999183,"1478",1d84e007-c2d9-4966-92ed-cebafc67d3e3,"1477",2018/12/18 00:00:00.000,mokobia.chidinma,6.640145000000000,3.712118333000000,Agbowa 2 / Ado,LASEPE02,Epe,"25007",Lagos,LA,2019/03/01 00:00:00.000,,Functional,Primary Health Center,State Primary Healthcare Development Agency,Primary,GRID,,Agbowa Primary Health Center,./0.png
3.34170999961685,6.44958166666066,"1486",cb4c7dd3-9a0b-4921-9a9c-660fc8827948,"1485",2018/12/18 00:00:00.000,mokobia.chidinma,6.449581667000000,3.341710000000000,Oluwa / Akere,LASATO13,Ajeromi/Ifelodun,"25002",Lagos,LA,2019/03/01 00:00:00.000,,Functional,Primary Health Center,State Primary Healthcare Development Agency,Primary,GRID,,Akere Primary Health Care Center,./0.png
3.52254000012096,6.43684833308413,"1494",bf3cefbb-7260-4027-a934-4a971015e335,"1493",2018/12/18 00:00:00.000,mokobia.chidinma,6.436848333000000,3.522540000000000,Maroko / Okun Alfa,LASEOA15,Eti Osa,"25008",Lagos,LA,2019/03/01 00:00:00.000,,Functional,Primary Health Center,State Primary Healthcare Development Agency,Primary,GRID,,Igbo Efon Primary Health Care Center,./0.png
3.35474833286929,6.50561000030132,"1496",6733fb53-556a-4fb7-8300-8d7e462777e0,"1495",2018/12/18 00:00:00.000,mokobia.chidinma,6.505610000000000,3.354748333000000,Babatunde Ayilara,LASSUE06,Surulere,"25018",Lagos,LA,2019/03/01 00:00:00.000,,Functional,Primary Health Center,State Primary Healthcare Development Agency,Primary,GRID,,Akerele Primary Health Care Center,./0.png
3.49231000000657,6.60197166685901,"1949",362888bd-b4ad-45da-bb82-b5d265c3681c,"1960",2018/12/18 00:00:00.000,mokobia.chidinma,6.601971667000000,3.492310000000000,Ipakodo,LASIKU15,Ikorodu,"25012",Lagos,LA,2019/03/01 00:00:00.000,,Functional,Primary Health Center,Federal Ministry of Health,Primary,GRID,,Ipakodo Primary Health Center,./0.png
3.29130170031328,6.45913329956215,"1950",51f5d9b4-f502-4a70-b9c9-ddc11ba08881,"1961",2018/12/18 00:00:00.000,mokobia.chidinma,6.459133300000000,3.291301700000000,Kuje,LASAON12,Amuwo Odofin,"25004",Lagos,LA,2019/03/01 00:00:00.000,,Functional,Primary Health Center,Federal Ministry of Health,Primary,GRID,,Agboju Primary Health Care Center,./0.png
3.34983500018518,6.53653500009023,"1953",f998ccf9-0050-4534-bbba-78534e36df64,"1964",2018/12/18 00:00:00.000,mokobia.chidinma,6.536535000000000,3.349835000000000,Mushin / Atewolara,LASMUN12,Mushin,"25014",Lagos,LA,2019/03/01 00:00:00.000,,Functional,Primary Health Center,Federal Ministry of Health,Primary,GRID,,Palm Avenue Primary Health Center,./0.png
3.61146166712228,6.5091633332213,"2010",c02e0dca-d0b6-45eb-ab04-113df7f7df19,"2022",2018/12/18 00:00:00.000,mokobia.chidinma,6.509163333000000,3.611461667000000,Badore / Langbasa,LASEOA06,Eti Osa,"25008",Lagos,LA,2019/03/01 00:00:00.000,,Functional,Primary Health Center,State Ministry of Health,Primary,GRID,,Badore Primary Health Center,./0.png
3.36787999956238,6.46783500028511,"2016",408a93c8-b448-46f0-a617-12c647b2d13a,"2028",2018/12/18 00:00:00.000,mokobia.chidinma,6.467835000000000,3.367880000000000,Ijora,LASAPA08,Apapa,"25005",Lagos,LA,2019/03/01 00:00:00.000,,Functional,Primary Health Center,State Ministry of Health,Primary,GRID,,Ijora Oloye Health Care Center,./0.png
2.9588033327077,6.48794833334898,"2025",6f176dd6-0f56-4e73-9ca6-f662b90d6bdb,"2037",2018/12/18 00:00:00.000,mokobia.chidinma,6.487948333000000,2.958803333000000,Ilogbo,LASBDY13,Badagry,"25006",Lagos,LA,2019/03/01 00:00:00.000,,Functional,Primary Health Center,State Ministry of Health,Primary,GRID,,Pota Health Center,./0.png
3.32559833309665,6.64530333318231,"2035",ee49168c-4de7-430d-894e-7b3907b5b612,"2047",2018/12/18 00:00:00.000,mokobia.chidinma,6.645303333000000,3.325598333000000,Ifako / Coker,LASIOE06,Ifako/Ijaye,"25010",Lagos,LA,2019/03/01 00:00:00.000,,Functional,Primary Health Center,State Ministry of Health,Primary,GRID,,Ifako Primary Health Care Center,./0.png
3.66960833315812,6.66001666723542,"2036",a951f5b1-e184-43c5-9dd3-dd954ae4dd6a,"2048",2018/12/18 00:00:00.000,mokobia.chidinma,6.660016667000000,3.669608333000000,Igbokuta / Oke-Agbo / Igbalu,LASIKU14,Ikorodu,"25012",Lagos,LA,2019/03/01 00:00:00.000,,Functional,Primary Health Center,State Ministry of Health,Primary,GRID,,Imota Primary Health Center,./0.png
3.35218833262547,6.47023333300194,"2039",47f6636a-2a10-40f7-a338-3b58a0212801,"2051",2018/12/18 00:00:00.000,mokobia.chidinma,6.470233333000000,3.352188333000000,Gaskiya,LASAPA07,Apapa,"25005",Lagos,LA,2019/03/01 00:00:00.000,,Functional,Primary Health Center,State Ministry of Health,Primary,GRID,,Olojowon Primary Health Center,./0.png
3.33741999963331,6.52008999985367,"2079",e17d537a-29a3-4b34-ba11-86b498f1fd57,"2090",2018/12/18 00:00:00.000,mokobia.chidinma,6.520090000000000,3.337420000000000,Igbehin,LASMUN07,Mushin,"25014",Lagos,LA,2019/03/01 00:00:00.000,,Functional,Primary Health Center,Others,Primary,OSGOF,,Ilasa Health Center,./0.png
3.28351999974825,6.4695799998172,"2088",9285606e-628c-4889-b12b-808e7dcae800,"2099",2018/12/18 00:00:00.000,mokobia.chidinma,6.469580000000000,3.283520000000000,Orire,LASAON14,Amuwo Odofin,"25004",Lagos,LA,2019/03/01 00:00:00.000,,Functional,Primary Health Center,Others,Primary,OSGOF,,Festac Primary Health Center,./0.png
3.40938666716102,6.42360666671436,"3695",28d5e79c-ac03-4798-bb77-90650b719b16,"3705",2019/11/15 00:00:00.000,tosin.williams,6.423606667000000,3.409386667000000,Tarkwa Bay,LASEOA19,Eti Osa,"25008",Lagos,LA,2019/03/01 00:00:00.000,,Functional,Military and Paramilitary Clinic,Nigeria Prisons Service,Secondary,GRID,,Naval Dockyard Medical Center,./0.png
3.42883500013522,6.44389999998504,"3706",dac7a371-4fbb-4c43-9532-6cd0a1dd95c3,"3716",2019/11/15 00:00:00.000,tosin.williams,6.443900000000000,3.428835000000000,Falomo / Oyinkan Abayomi,LASEOA07,Eti Osa,"25008",Lagos,LA,2019/03/01 00:00:00.000,,Functional,Military and Paramilitary Clinic,Nigeria Police Force,Secondary,GRID,,Police Hospital,./0.png
3.28236000021388,6.45166166725221,"3741",46028ab3-61a4-438d-9eac-e32b2f1b28da,"3750",2019/11/15 00:00:00.000,tosin.williams,6.451661667000000,3.282360000000000,Agboju and Environ,LASAON03,Amuwo Odofin,"25004",Lagos,LA,2019/03/01 00:00:00.000,,Functional,Military and Paramilitary Clinic,Private,Secondary,GRID,,Nigerian Navy Reference Hospital,./0.png
3.37418170022534,6.5204250000138,"3742",a9af9a87-29d4-418d-b096-3ed3819c4a3a,"3751",2019/11/15 00:00:00.000,tosin.williams,6.520425000000000,3.374181700000000,Harvey,LASLMD10,Lagos Mainland,"25019",Lagos,LA,2019/03/01 00:00:00.000,,Functional,Military and Paramilitary Clinic,Nigeria Prisons Service,Secondary,GRID,,68 Nigerian Army Refence Hospital,./0.png
3.20168666680627,6.46538666706107,"5581",4de6fe2f-9515-4324-b5b6-1e01ab293c35,"5600",2018/12/18 00:00:00.000,mokobia.chidinma,6.465386667000000,3.201686667000000,Igbo-Elerin,LASOJO05,Ojo,"25015",Lagos,LA,2019/03/01 00:00:00.000,,Functional,Primary Health Center,State Primary Healthcare Development Agency,Primary,GRID,,Lasu Health Center,./0.png
3.37284500009673,6.5020166673354,"6202",b7f5fdec-c213-4b41-8c27-951cf5b958d2,"6226",2018/12/18 00:00:00.000,mokobia.chidinma,6.502016667000000,3.372845000000000,Iponri / Olaleye,LASLMD11,Lagos Mainland,"25019",Lagos,LA,2019/03/01 00:00:00.000,,Functional,Federal Staff Clinic,Federal Ministry of Health,Secondary,GRID,,Nigerian Railway Hospital,./0.png
3.71469550039706,6.63725570039031,"6432",29a95a6f-e711-474c-a222-7488b59ac83d,"6456",2018/12/18 00:00:00.000,mokobia.chidinma,6.637255700000000,3.714695500000000,Agbowa 2 / Ado,LASEPE02,Epe,"25007",Lagos,LA,2019/03/01 00:00:00.000,,Functional,General Hospital,State Ministry of Health,Secondary,GRID,,Agbowa General Hospital,./0.png
3.33374500013167,6.45509833292175,"6433",fe3de48b-0131-4dc7-ba58-83c8948fd421,"6457",2018/12/18 00:00:00.000,mokobia.chidinma,6.455098333000000,3.333745000000000,Awodi-Ora,LASATO07,Ajeromi/Ifelodun,"25002",Lagos,LA,2019/03/01 00:00:00.000,,Functional,General Hospital,State Ministry of Health,Secondary,GRID,,Ajeromi General Hospital,./0.png
3.27352333283557,6.67515500020312,"6437",0ed5eda0-044a-4ff4-b16d-4f6cb780f783,"6461",2018/12/18 00:00:00.000,mokobia.chidinma,6.675155000000000,3.273523333000000,Ijaiye Ojokoro,LASIOE08,Ifako/Ijaye,"25010",Lagos,LA,2019/03/01 00:00:00.000,,Functional,Primary Health Center,State Ministry of Health,Primary,GRID,,Agbado Primary Health Care Center,./0.png
3.3427618997419,6.59158020026609,"6441",f9315884-9d2f-424f-a694-5f098dbe63e7,"6465",2018/12/18 00:00:00.000,mokobia.chidinma,6.591580200000000,3.342761900000000,G R A,LASIKA06,Ikeja,"25011",Lagos,LA,2019/03/01 00:00:00.000,,Functional,Teaching Hospital,State Ministry of Health,Tertiary,GRID,,Lagos State University Teaching Hospital,./0.png
3.34869384774294,6.55712890657384,"7788",ed3e77d4-0dc3-4c8c-af8d-c97c89cf2f6e,"7816",2019/11/15 00:00:00.000,tosin.williams,6.557128907000000,3.348693848000000,Igbehinadun,LASOIO11,Oshodi/Isolo,"25016",Lagos,LA,2019/03/01 00:00:00.000,,Functional,Primary Health Center,Others,Primary,eHA Polio,Primary Health Center,Oshodi Primary Health Center,./0.png
3.30131166729967,6.60956833281233,"8198",b532b16d-e89e-4da8-aa1a-7b2c3c602676,"8233",2019/06/14 00:00:00.000,najib.adam,6.609568333000000,3.301311667000000,Omituntun-Olori,LASAMO34,Alimosho,"25003",Lagos,LA,2019/03/01 00:00:00.000,,Functional,Primary Health Center,Private,Primary,NPHCDA,,Ipinlerere Primary Health Center,./0.png
3.27235130037224,6.67356199958664,"8204",f5f483ae-825d-42a3-adb5-f59120590a58,"8239",2019/06/14 00:00:00.000,najib.adam,6.673562000000000,3.272351300000000,Ijaiye Ojokoro,LASIOE08,Ifako/Ijaye,"25010",Lagos,LA,2019/03/01 00:00:00.000,,Functional,Primary Health Center,National Primary Healthcare Development Agency,Primary,NPHCDA,,Kola Primary Health Center,./0.png
3.35848833267045,6.56737333311287,"9043",982fb507-c922-4bde-9561-d1c3de80f4a5,"9091",2019/11/15 00:00:00.000,tosin.williams,6.567373333000000,3.358488333000000,Onigbongbo,LASIKA12,Ikeja,"25011",Lagos,LA,2019/03/01 00:00:00.000,,Functional,Military and Paramilitary Clinic,Private,Secondary,GRID,,9 Brigade Medical Center,./0.png
3.38326999971076,6.5999466670051,"9917",a59100eb-7e03-4405-af4e-abfbfcd6d4aa,"9980",2019/11/15 00:00:00.000,tosin.williams,6.599946667000000,3.383270000000000,Agiliti / Maidan,LASKSE04,Kosofe,"25013",Lagos,LA,2019/03/01 00:00:00.000,,Functional,Primary Health Center,State Primary Healthcare Development Agency,Primary,GRID,,Ikosi Primary Health Center,./0.png
3.35874666742478,6.64746000007898,"10634",249d6d0d-0b78-4022-a1ff-d5a7366ccfb9,"10711",2019/11/15 00:00:00.000,tosin.williams,6.647460000000000,3.358746667000000,Ojodu,LASIKA08,Ikeja,"25011",Lagos,LA,2019/03/01 00:00:00.000,,Functional,Primary Health Center,State Ministry of Health,Primary,GRID,,Ojodu Primary Health Care Center,./0.png
3.3368700003503,6.4802466670501,"10655",04fcda0c-64ec-4044-930b-2c7edaee3671,"10731",2019/11/15 00:00:00.000,tosin.williams,6.480246667000000,3.336870000000000,Osho,LASSUE19,Surulere,"25018",Lagos,LA,2019/03/01 00:00:00.000,,Functional,Maternity Home,State Ministry of Health,Primary,GRID,,Orileiganmu Health Center and Maternity Clinic,./0.png
3.39761166734462,6.44881666735535,"10663",4feeed76-66cb-4bbf-8ed7-7037fb9c2f42,"10739",2019/11/15 00:00:00.000,tosin.williams,6.448816667000000,3.397611667000000,Odam,LASLID13,Lagos Island,"25020",Lagos,LA,2019/03/01 00:00:00.000,,Functional,Maternity Home,State Ministry of Health,Primary,GRID,,Lagos Island Maternity Hospotal,./0.png
3.25060709983785,6.56162699978626,"10665",aa82a377-808a-432a-8f3c-9e20b3d99c5e,"10741",2019/11/15 00:00:00.000,tosin.williams,6.561627000000000,3.250607100000000,Ikotun,LASAMO25,Alimosho,"25003",Lagos,LA,2019/03/01 00:00:00.000,,Functional,General Hospital,State Ministry of Health,Secondary,GRID,,Alimosho General Hospital,./0.png
3.28057999996707,6.57681999984317,"11271",a25b56b1-bc37-4364-a235-a08a7fe2164b,"11358",2019/11/15 00:00:00.000,tosin.williams,6.576820000000000,3.280580000000000,Isheri-Olofin,LASAMO28,Alimosho,"25003",Lagos,LA,2019/03/01 00:00:00.000,,Functional,Primary Health Center,Others,Primary,OSGOF,,Isheri Olofin Health Center,./0.png
3.30609333294103,6.58697333315286,"11882",cf9f6475-be1d-4c43-8945-61d559c616e4,"11970",2019/11/15 00:00:00.000,tosin.williams,6.586973333000000,3.306093333000000,Oguntade / Bameke,LASAMO30,Alimosho,"25003",Lagos,LA,2019/03/01 00:00:00.000,,Functional,Medical Center,Private,Primary,GRID,,Shasha Medical Center,./0.png
3.15312166743104,6.48686500011974,"11989",52728641-979c-4ff4-b48a-16f2f40d008f,"12077",2019/11/15 00:00:00.000,tosin.williams,6.486865000000000,3.153121667000000,Ajangbadi,LASOJO01,Ojo,"25015",Lagos,LA,2019/03/01 00:00:00.000,,Functional,Medical Center,Private,Primary,GRID,,Ketu Medical Center,./0.png
3.3447950996142,6.60164520036574,"12734",f7cfa02a-bb21-4202-9f09-5f8e3ef124a4,"12841",2019/11/15 00:00:00.000,tosin.williams,6.601645200000000,3.344795100000000,Alade,LASIKA03,Ikeja,"25011",Lagos,LA,2019/03/01 00:00:00.000,,Functional,Primary Health Center,Others,Primary,NPHCDA,,Bola Ahmed Tinubu Primary Health Center,./0.png
3.31778230001316,6.60498009965193,"12736",205d3e1a-4b40-47ce-b27b-89da992fd40a,"12843",2019/11/15 00:00:00.000,tosin.williams,6.604980100000000,3.317782300000000,Onilekere,LASIKA13,Ikeja,"25011",Lagos,LA,2019/03/01 00:00:00.000,,Functional,Primary Health Center,Others,Primary,NPHCDA,,Onilekere Primary Health Center,./0.png
3.12707519566379,6.44311523358124,"24177",292cba10-da9f-4356-9a8d-c751f1fcacc1,"24418",2019/11/15 00:00:00.000,tosin.williams,6.443115234000000,3.127075196000000,Egan,LASOJO02,Ojo,"25015",Lagos,LA,2019/03/01 00:00:00.000,,Unknown,Primary Health Center,Others,Primary,eHA Polio,,Ishagira Primary Health Clinic,./0.png
3.41070556610902,6.45092773412767,"24184",43d7e1fc-865f-4f56-8409-59d5dcd32372,"24425",2019/11/15 00:00:00.000,tosin.williams,6.450927734000000,3.410705566000000,Ijeh / Dolphin Estate,LASEOA09,Eti Osa,"25008",Lagos,LA,2019/03/01 00:00:00.000,,Functional,Primary Health Center,Others,Primary,eHA Polio,,Ikoyi Primary Health Center,./0.png
3.44030761730272,6.43347168007404,"24185",f2d879aa-1f34-46aa-9154-68cd55efacf9,"24426",2019/11/15 00:00:00.000,tosin.williams,6.433471680000000,3.440307617000000,1004 / Aboyade,LASEOA01,Eti Osa,"25008",Lagos,LA,2019/03/01 00:00:00.000,,Functional,Primary Health Center,Others,Primary,eHA Polio,,Oriyanrin Primary Health Center,./0.png
3.35449218706481,6.4586791985862,"24190",1701007d-24a2-4543-a869-b000bc6aaf1b,"24431",2019/11/15 00:00:00.000,tosin.williams,6.458679199000000,3.354492187000000,Bale Alayabiagba,LASATO08,Ajeromi/Ifelodun,"25002",Lagos,LA,2019/03/01 00:00:00.000,,Functional,Military and Paramilitary Clinic,Others,Secondary,eHA Polio,,Obisesan Naval Med Center,./0.png
3.3775024405852,6.52270507817684,"24217",d127345d-ce4d-4069-8a1c-9738c23251a5,"24458",2019/11/15 00:00:00.000,tosin.williams,6.522705078000000,3.377502441000000,Harvey,LASLMD10,Lagos Mainland,"25019",Lagos,LA,2019/03/01 00:00:00.000,,Functional,General Hospital,Others,Secondary,eHA Polio,Mainland Hospital,Mainland General Hospital,./0.png
3.38787841815451,6.55212402380471,"24260",3504c08f-3c77-4ffc-81e6-1ad87ce521ef,"24501",2019/11/15 00:00:00.000,tosin.williams,6.552124024000000,3.387878418000000,Araromi / Ifako,LASKSE06,Kosofe,"25013",Lagos,LA,2019/03/01 00:00:00.000,,Functional,General Hospital,Others,Secondary,eHA Polio,General Hospital Gbagada,Gbagada General Hospital,./0.png
3.36583999991609,6.52712000028782,"27776",4989bec0-4ee8-4383-b108-13a352ea8a75,"28056",2019/11/15 00:00:00.000,tosin.williams,6.527120000000000,3.365840000000000,Alakara,LASMUN02,Mushin,"25014",Lagos,LA,2019/03/01 00:00:00.000,,Functional,Primary Health Center,State Primary Healthcare Development Agency,Primary,SPHCMB,,Kajla Primary Health Center,./0.png
3.2560399996463,6.45592999986962,"28365",67ce500c-8439-466f-8d54-e96479be6429,"28646",2019/11/15 00:00:00.000,tosin.williams,6.455930000000000,3.256040000000000,Ado Soba,LASAON02,Amuwo Odofin,"25004",Lagos,LA,2019/03/01 00:00:00.000,,Functional,Maternity Home,State Primary Healthcare Development Agency,Primary,SPHCMB,,Oyeronke Memorial Maternity,./0.png
3.37923268583984,6.47528737181483,"30394",9412fd87-8542-4b53-b9d5-7330cf6c6c15,"30691",2019/11/15 00:00:00.000,tosin.williams,6.475287371690000,3.379232685860000,Otto,LASLMD16,Lagos Mainland,"25019",Lagos,LA,2019/03/01 00:00:00.000,,Functional,Primary Health Center,State Primary Healthcare Development Agency,Primary,GRID,,Otto Primary Health Center,./0.png
3.37196949929302,6.4844046528525,"30396",c8c78cf0-18b0-4b67-a0c7-6941f4897f93,"30693",2019/11/15 00:00:00.000,tosin.williams,6.484404652730000,3.371969499080000,Aloba / Desalu,LASLMD06,Lagos Mainland,"25019",Lagos,LA,2019/03/01 00:00:00.000,,Functional,Primary Health Center,State Primary Healthcare Development Agency,Primary,GRID,,Abule Nla Primary Health Care Center,./0.png
3.38220475274721,6.48874905282656,"30397",5514d15a-f59b-46c7-b0af-672cc02c8574,"30694",2019/11/15 00:00:00.000,tosin.williams,6.488749052970000,3.382204753360000,Freeman / Glover,LASLMD09,Lagos Mainland,"25019",Lagos,LA,2019/03/01 00:00:00.000,,Functional,Primary Health Center,State Primary Healthcare Development Agency,Primary,GRID,,Simpson Primary Health Person,./0.png
3.32503690612839,6.62548041279086,"30398",20bc0db0-45e3-4242-be73-4b19db27ad02,"30695",2018/12/18 00:00:00.000,mokobia.chidinma,6.625480412730000,3.325036905800000,Keke,LASAGG06,Agege,"25001",Lagos,LA,2019/03/01 00:00:00.000,,Functional,Primary Health Center,State Primary Healthcare Development Agency,Primary,GRID,,Sango Primary Health Center,./0.png
3.93400603884766,6.43962899817978,"31323",e2dd2065-5872-4605-9bb1-4ac581d4ab46,"31662",2019/11/15 00:00:00.000,tosin.williams,6.439628998360000,3.934006038550000,Orimedu 1,LASIUI08,Ibeju Lekki,"25009",Lagos,LA,2019/03/01 00:00:00.000,,Functional,General Hospital,Federal Ministry of Health,Secondary,GRID,,Ibeju Lekki General Hospital,./0.png
3.18864999999755,6.4716499999476,"32729",15e09b57-d5fc-48e6-839e-218e16a30b87,"33083",2019/11/15 00:00:00.000,tosin.williams,6.471650000000000,3.188650000000000,Okokomaiko,LASOJO12,Ojo,"25015",Lagos,LA,2019/03/01 00:00:00.000,,Functional,Military and Paramilitary Clinic,State Primary Healthcare Development Agency,Secondary,SPHCMB,,149 Batalion Medical Reception Station,./0.png
3.28905999981919,6.56987000040027,"32817",ae178b99-b76c-4ad5-810b-be0ce6505e21,"33169",2019/11/15 00:00:00.000,tosin.williams,6.569870000000000,3.289060000000000,Ifoshin,LASOIO10,Oshodi/Isolo,"25016",Lagos,LA,2019/03/01 00:00:00.000,,Functional,Primary Health Center,State Primary Healthcare Development Agency,Primary,SPHCMB,,Helen Commercial Health Center,./0.png
4.08509999996505,6.41643999990612,"32821",8a342e93-9008-4ea2-9aef-41a72e014451,"33173",2019/11/15 00:00:00.000,tosin.williams,6.416440000000000,4.085100000000000,Lekki 1,LASIUI06,Ibeju Lekki,"25009",Lagos,LA,2019/03/01 00:00:00.000,,Functional,Primary Health Center,State Primary Healthcare Development Agency,Primary,SPHCMB,,Ibeju Primary Health Center,./0.png
3.3259900004382,6.46029999994511,"32825",997699be-aca5-4b9a-81e0-8ad9cb23f9bf,"33177",2019/11/15 00:00:00.000,tosin.williams,6.460300000000000,3.325990000000000,Owoyemi,LASATO14,Ajeromi/Ifelodun,"25002",Lagos,LA,2019/03/01 00:00:00.000,,Functional,Primary Health Center,State Primary Healthcare Development Agency,Primary,SPHCMB,,Lanyemi Health Center,./0.png
3.34155999989412,6.57864000013592,"32838",ba6b2683-68c3-43f9-9d2d-a86e55fb75bb,"33190",2019/11/15 00:00:00.000,tosin.williams,6.578640000000000,3.341560000000000,Shogunle,LASOIO20,Oshodi/Isolo,"25016",Lagos,LA,2019/03/01 00:00:00.000,,Functional,Primary Health Center,State Primary Healthcare Development Agency,Primary,SPHCMB,,Shogunle Primary Health Center,./0.png
3.38989999968527,6.5359100000465,"32839",4895377e-40eb-4775-86e6-644f8413fde2,"33191",2019/11/15 00:00:00.000,tosin.williams,6.535910000000000,3.389900000000000,Owode  / Orile Bariga,LASSMU14,Shomolu,"25017",Lagos,LA,2019/03/01 00:00:00.000,,Functional,Primary Health Center,State Primary Healthcare Development Agency,Primary,SPHCMB,,Cms Primary Health Center,./0.png
3.97989000002354,6.58980999993162,"32844",7152e8c9-c25f-49c3-a96d-80c8ebd4f36c,"33196",2019/11/15 00:00:00.000,tosin.williams,6.589810000000000,3.979890000000000,Bado / Ebole / Etita / Iberikodo,LASEPE06,Epe,"25007",Lagos,LA,2019/03/01 00:00:00.000,,Functional,Primary Health Center,State Primary Healthcare Development Agency,Primary,SPHCMB,,Epe Primary Health Center,./0.png
